[
      {
            "topic": "“国家公祭日”专项答题",
            "options": [
                  "ABCD",
                  "以史为鉴",
                  "和平",
                  "ABCD",
                  "ABCD",
                  "唯物史观",
                  "公祭",
                  "下半旗",
                  "民事",
                  "ABCD"
            ]
      },
      {
            "topic": "“中国人民广播事业诞生80周年”专项答题",
            "options": [
                  "延安",
                  "人民",
                  "C",
                  "ABC",
                  "D",
                  "A",
                  "AC",
                  "A",
                  "B",
                  "ABC"
            ]
      },
      {
            "topic": "“珠峰高程测量相关知识”专项答题",
            "options": [
                  "C",
                  "ABCD",
                  "ABCD",
                  "D",
                  "C",
                  "B",
                  "最高",
                  "ABC",
                  "ABCD",
                  "ABCD"
            ]
      },
      {
            "topic": "“学习贯彻中央全面依法治国工作会议精神”专项答题",
            "options": [
                  "ABC",
                  "ABC",
                  "法治",
                  "ABC",
                  "ABC",
                  "ABC",
                  "ABC",
                  "ABC",
                  "ABC",
                  "理论思维"
            ]
      },
      {
            "topic": "“学习习近平总书记在十九届中共中央政治局第二十五次集体学习时的讲话精神”专项答题",
            "options": [
                  "ABCD",
                  "ABC",
                  "中国特色",
                  "ABCD",
                  "AB",
                  "ABC",
                  "ABCD",
                  "ABC",
                  "ABCD",
                  "ABC"
            ]
      },
      {
            "topic": "“志愿服务”专项答题",
            "options": [
                  "文明进步",
                  "AC",
                  "B",
                  "ABC",
                  "ABCD",
                  "ABCD",
                  "C",
                  "ABCD",
                  "ABCD",
                  "ACD"
            ]
      },
      {
            "topic": "“‘奋斗者’号全海深载人潜水器相关知识”专项答题",
            "options": [
                  "AB",
                  "ABCD",
                  "B",
                  "ACD",
                  "钛合金",
                  "B",
                  "ABCD",
                  "B",
                  "C",
                  "B"
            ]
      },
      {
            "topic": "“宪法宣传周”专项答题",
            "options": [
                  "AB",
                  "法治",
                  "ABD",
                  "D",
                  "C",
                  "B",
                  "C",
                  "B",
                  "精简",
                  "AB"
            ]
      },
      {
            "topic": "“学习习近平在全国劳动模范和先进工作者表彰大会上的讲话精神”专项答题",
            "options": [
                  "ABC",
                  "ABCD",
                  "AB",
                  "ABC",
                  "ABCD",
                  "ABC",
                  "ABC",
                  "ABC",
                  "ABCD",
                  "ABCD"
            ]
      },
      {
            "topic": "“第17届中国－东盟博览会”专项答题",
            "options": [
                  "ABCD",
                  "AB",
                  "ABCD",
                  "ABCD",
                  "丝绸之路",
                  "B",
                  "B",
                  "C",
                  "C",
                  "B"
            ]
      },
      {
            "topic": "“世界工业设计大会相关知识”专项答题",
            "options": [
                  "烟台",
                  "ABCD",
                  "工业设计",
                  "B",
                  "B",
                  "ACD",
                  "ABCD",
                  "国际设计",
                  "B",
                  "ABCD"
            ]
      },
      {
            "topic": "“反家庭暴力法相关知识”专项答题",
            "options": [
                  "家庭成员",
                  "ABCD",
                  "ABC",
                  "ABCD",
                  "ABCD",
                  "预防",
                  "ABC",
                  "ABC",
                  "ABC",
                  "人身安全"
            ]
      },
      {
            "topic": "“‘世界电视日’中国电视大会”专项答题",
            "options": [
                  "ABC",
                  "电视",
                  "B",
                  "B",
                  "D",
                  "ABCD",
                  "ABC",
                  "C",
                  "中文",
                  "AB"
            ]
      },
      {
            "topic": "“学习贯彻习近平在中央全面依法治国工作会议上的讲话精神”专项答题",
            "options": [
                  "ABCD",
                  "ABCD",
                  "ABC",
                  "ABCD",
                  "ABCD",
                  "ABC",
                  "ABCD",
                  "ABCD",
                  "ABC",
                  "ABCD"
            ]
      },
      {
            "topic": "“学习习近平在全面推动长江经济带发展座谈会上的讲话精神”专项答题",
            "options": [
                  "ABCD",
                  "AB",
                  "ABCD",
                  "价值实现",
                  "ABCD",
                  "ABCD",
                  "AB",
                  "ABCD",
                  "ABC",
                  "ABCD"
            ]
      },
      {
            "topic": "“学习习近平在浦东开发开放30周年庆祝大会上的讲话精神”专项答题",
            "options": [
                  "纵深推进",
                  "AB",
                  "ABCD",
                  "AB",
                  "ABCD",
                  "ABCD",
                  "ABC",
                  "制度型",
                  "ABC",
                  "人民城市"
            ]
      },
      {
            "topic": "“2020第二届北京国际公益广告大会”专项答题",
            "options": [
                  "B",
                  "公益",
                  "ABC",
                  "著作权",
                  "无偿",
                  "显著位置",
                  "B",
                  "B",
                  "ABCD",
                  "ABCD"
            ]
      },
      {
            "topic": "“第四届中国绿化博览会”专项答题",
            "options": [
                  "AB",
                  "ABC",
                  "C",
                  "B",
                  "ABCD",
                  "B",
                  "B",
                  "文峰",
                  "ABD",
                  "C"
            ]
      },
      {
            "topic": "“第七次全国人口普查”专项答题",
            "options": [
                  "ABC",
                  "ABC",
                  "ABCD",
                  "AB",
                  "B",
                  "A",
                  "D",
                  "B",
                  "B",
                  "自主填报"
            ]
      },
      {
            "topic": "“纪念中国记者节暨新华社建社89周年”专项答题",
            "options": [
                  "国际一流",
                  "ABCD",
                  "ABCD",
                  "记者",
                  "瑞金",
                  "新闻立社",
                  "新华社",
                  "A",
                  "B",
                  "ABCD"
            ]
      },
      {
            "topic": "“习近平关于《中共中央关于制定国民经济和社会发展第十四个五年规划和二〇三五年远景目标的建议》的说明”专项答题",
            "options": [
                  "AB",
                  "ABCD",
                  "ABCD",
                  "ABCD",
                  "B",
                  "AB",
                  "AB",
                  "AB",
                  "ABC",
                  "ABCD"
            ]
      },
      {
            "topic": "“习近平在第三届中国国际进口博览会开幕式上的主旨演讲”专项答题",
            "options": [
                  "AB",
                  "ABC",
                  "ABC",
                  "ABC",
                  "ABC",
                  "ABC",
                  "建设性",
                  "ABCD",
                  "中国制造",
                  "ABCD"
            ]
      },
      {
            "topic": "“纪念人民防空创立70周年”专项答题",
            "options": [
                  "ABC",
                  "护民",
                  "ABC",
                  "ABC",
                  "ACD",
                  "ABCD",
                  "B",
                  "C",
                  "C",
                  "AB"
            ]
      },
      {
            "topic": "“学习中国共产党第十九届中央委员会第五次全体会议精神”专项答题（三）",
            "options": [
                  "ABC",
                  "ABCD",
                  "ABC",
                  "ABCD",
                  "ABCD",
                  "ABCD",
                  "ABC",
                  "大市场",
                  "ABCD",
                  "ABCD"
            ]
      },
      {
            "topic": "“学习中国共产党第十九届中央委员会第五次全体会议精神”专项答题（二）",
            "options": [
                  "ABCD",
                  "ABCD",
                  "ABCD",
                  "BCD",
                  "ABC",
                  "ABC",
                  "ABCD",
                  "ABCD",
                  "ABCD",
                  "ABCD"
            ]
      },
      {
            "topic": "“学习中国共产党第十九届中央委员会第五次全体会议精神”专项答题",
            "options": [
                  "AB",
                  "AB",
                  "ABCD",
                  "ABCD",
                  "ABC",
                  "ABCD",
                  "AB",
                  "ABCD",
                  "高质量",
                  "ABCD"
            ]
      },
      {
            "topic": "“密码法相关知识”专项答题",
            "options": [
                  "统一领导",
                  "党管密码",
                  "A",
                  "ABCD",
                  "B",
                  "A",
                  "B",
                  "C",
                  "B",
                  "C"
            ]
      },
      {
            "topic": "“敬老月”专项答题",
            "options": [
                  "老龄化",
                  "ABC",
                  "B",
                  "A",
                  "ABCD",
                  "ABC",
                  "ABCD",
                  "ABCD",
                  "居家",
                  "ABCD"
            ]
      },
      {
            "topic": "“纪念中国人民志愿军抗美援朝出国作战70周年”专项答题",
            "options": [
                  "ABCD",
                  "AB",
                  "ABCD",
                  "ABCD",
                  "ABC",
                  "ABCD",
                  "抗美援朝",
                  "ABC",
                  "板门店",
                  "我的祖国"
            ]
      },
      {
            "topic": "“学习习近平总书记在十九届中共中央政治局第二十四次集体学习时的讲话精神”专项答题",
            "options": [
                  "关键变量",
                  "AB",
                  "AB",
                  "量子力学",
                  "ABCD",
                  "ABCD",
                  "ABCD",
                  "ABC",
                  "ABC",
                  "ABCD"
            ]
      },
      {
            "topic": "“‘两弹一星’精神”专项答题",
            "options": [
                  "ABCD",
                  "ABC",
                  "ACD",
                  "ABC",
                  "B",
                  "B",
                  "氢弹",
                  "B",
                  "B",
                  "北斗"
            ]
      },
      {
            "topic": "“学习贯彻习近平总书记在深圳经济特区建立40周年庆祝大会上的讲话精神”专项答题（二）",
            "options": [
                  "经济特区",
                  "AB",
                  "全方位",
                  "ABCD",
                  "辐射带动",
                  "ABCD",
                  "数字经济",
                  "ABCD",
                  "ABCD",
                  "平衡性"
            ]
      },
      {
            "topic": "“学习贯彻习近平总书记在深圳经济特区建立40周年庆祝大会上的讲话精神”专项答题（一）",
            "options": [
                  "AB",
                  "AB",
                  "AB",
                  "AB",
                  "AB",
                  "ABCD",
                  "ABCD",
                  "ABC",
                  "AB",
                  "ABCD"
            ]
      },
      {
            "topic": "“学习习近平2020年10月10日在中央党校（国家行政学院）中青年干部培训班开班式上的讲话精神”专项答题",
            "options": [
                  "解决问题",
                  "问题导向",
                  "B",
                  "AB",
                  "ABCD",
                  "AB",
                  "ABC",
                  "应急处突",
                  "群众工作",
                  "抓落实"
            ]
      },
      {
            "topic": "“第三届数字中国建设峰会”专项答题",
            "options": [
                  "ABC",
                  "B",
                  "A",
                  "C",
                  "ABCD",
                  "ABCD",
                  "线上线下",
                  "C",
                  "数",
                  "榕城"
            ]
      },
      {
            "topic": "“风云气象卫星”专项答题",
            "options": [
                  "B",
                  "A",
                  "ABC",
                  "极轨",
                  "太阳",
                  "D",
                  "南北两极",
                  "B",
                  "可见光",
                  "B"
            ]
      },
      {
            "topic": "“纪念黄桥战役胜利80周年”专项答题",
            "options": [
                  "AB",
                  "中原局",
                  "泰州",
                  "ABC",
                  "AB",
                  "D",
                  "ABC",
                  "ABC",
                  "满天飞",
                  "黄桥战役"
            ]
      },
      {
            "topic": "“国庆?中秋”专项答题",
            "options": [
                  "花篮",
                  "ABCD",
                  "ABCD",
                  "开国大典",
                  "国庆日",
                  "五星红旗",
                  "中秋",
                  "ABC",
                  "B",
                  "ABC"
            ]
      },
      {
            "topic": "“学习贯彻国家主席习近平在第七十五届联合国大会一般性辩论上的讲话精神”专项答题",
            "options": [
                  "公共",
                  "ABC",
                  "ABCD",
                  "AB",
                  "绿色",
                  "AB",
                  "ABCD",
                  "ABCD",
                  "核心",
                  "AB"
            ]
      },
      {
            "topic": "“纪念孔子诞辰2571周年”专项答题",
            "options": [
                  "AB",
                  "ABCD",
                  "C",
                  "有教无类",
                  "B",
                  "A",
                  "不欲",
                  "ABC",
                  "孟子",
                  "AB"
            ]
      },
      {
            "topic": "“学习习近平在教育文化卫生体育领域专家代表座谈会上的讲话精神”专项答题",
            "options": [
                  "A",
                  "教育",
                  "AB",
                  "ABC",
                  "终身学习",
                  "ABCD",
                  "ABCD",
                  "健康",
                  "尊医重卫",
                  "ABCD"
            ]
      },
      {
            "topic": "“2020年中国金鸡百花电影节（第35届大众电影百花奖）”专项答题",
            "options": [
                  "人民心声",
                  "发展进步",
                  "ABCD",
                  "人民",
                  "周恩来",
                  "A",
                  "ABCD",
                  "A",
                  "ABCD",
                  "B"
            ]
      },
      {
            "topic": "“学习贯彻习近平总书记2020年9月16日至18日在湖南考察时的讲话精神”专项答题",
            "options": [
                  "ABC",
                  "为民",
                  "第一书记",
                  "AB",
                  "ABC",
                  "AB",
                  "急难愁盼",
                  "AB",
                  "民生",
                  "起点"
            ]
      },
      {
            "topic": "“第23届全国推广普通话宣传周”专项答题",
            "options": [
                  "通用",
                  "汉字",
                  "B",
                  "普通话",
                  "ABC",
                  "标准",
                  "A",
                  "AB",
                  "A",
                  "B"
            ]
      },
      {
            "topic": "“学习贯彻习近平在科学家座谈会上的讲话精神”专项答题",
            "options": [
                  "动力",
                  "ABCD",
                  "ABC",
                  "原始",
                  "A",
                  "A",
                  "ABCD",
                  "科学家",
                  "国家",
                  "ABCD"
            ]
      },
      {
            "topic": "“全国抗击新冠肺炎疫情表彰大会”专项答题",
            "options": [
                  "ABCD",
                  "ABC",
                  "ABCD",
                  "ABCD",
                  "挺身而出",
                  "ABCD",
                  "ABCD",
                  "ABCD",
                  "ABCD",
                  "ABC"
            ]
      },
      {
            "topic": "“庆祝教师节”专项答题",
            "options": [
                  "AB",
                  "ABCD",
                  "ABC",
                  "教师",
                  "ABCD",
                  "ABC",
                  "ABC",
                  "ABC",
                  "基层",
                  "ABCD"
            ]
      },
      {
            "topic": "“中华慈善日”专项答题",
            "options": [
                  "B",
                  "ABCD",
                  "慈善信息",
                  "会计",
                  "捐赠票据",
                  "A",
                  "书面",
                  "AB",
                  "税收优惠",
                  "ABCD"
            ]
      },
      {
            "topic": "“学习贯彻中央全面深化改革委员会第十五次会议精神”专项答题",
            "options": [
                  "ABC",
                  "ABCD",
                  "ABCD",
                  "ABCD",
                  "ABC",
                  "AB",
                  "ABCD",
                  "ABCD",
                  "ABCD",
                  "ABC"
            ]
      },
      {
            "topic": "“习近平有关抗战胜利的重要讲话”专项答题",
            "options": [
                  "抗战烈士",
                  "ABC",
                  "ABCD",
                  "ABCD",
                  "ABCD",
                  "ABC",
                  "ABC",
                  "ABCD",
                  "AB",
                  "中流砥柱"
            ]
      },
      {
            "topic": "“2020年国家网络安全宣传周”专项答题",
            "options": [
                  "AB",
                  "AB",
                  "AB",
                  "ABC",
                  "AB",
                  "A",
                  "B",
                  "B",
                  "AB",
                  "ABCD"
            ]
      },
      {
            "topic": "“开学第一课”专项答题",
            "options": [
                  "立德树人",
                  "ABCD",
                  "爱国主义",
                  "C",
                  "民法典",
                  "ABCD",
                  "ABC",
                  "ABC",
                  "C",
                  "C"
            ]
      },
      {
            "topic": "“学习贯彻习近平在经济社会领域专家座谈会上的讲话精神”专项答题",
            "options": [
                  "中长期",
                  "ABCD",
                  "ABCD",
                  "ABCD",
                  "内涵",
                  "ABCD",
                  "ABC",
                  "ABCD",
                  "ABCD",
                  "富矿"
            ]
      },
      {
            "topic": "“北京国际电影节相关知识”专项答题",
            "options": [
                  "作品",
                  "ABCD",
                  "C",
                  "天坛",
                  "ABCD",
                  "云连线",
                  "初心",
                  "内容",
                  "ABCD",
                  "A"
            ]
      },
      {
            "topic": "“学习贯彻习近平总书记在扎实推进长三角一体化发展座谈会上的讲话精神”专项答题",
            "options": [
                  "ABCD",
                  "ABCD",
                  "ABCD",
                  "ABCD",
                  "ABCD",
                  "ABCD",
                  "ABCD",
                  "ABCD",
                  "ABCD",
                  "ABCD"
            ]
      },
      {
            "topic": "“庆祝深圳经济特区建立40周年”专项答题",
            "options": [
                  "ABCD",
                  "珠三角",
                  "深圳",
                  "经济特区",
                  "ABCD",
                  "ABC",
                  "ABC",
                  "华侨",
                  "ABC",
                  "ABCD"
            ]
      },
      {
            "topic": "“中国传统节日‘七夕节’相关知识”专项答题",
            "options": [
                  "ABC",
                  "ABCD",
                  "ABCD",
                  "非物质",
                  "汉",
                  "鹊",
                  "C",
                  "织女",
                  "搜神记",
                  "星辰"
            ]
      },
      {
            "topic": "“十九届中共中央政治局第二十二次集体学习”专项答题",
            "options": [
                  "ABCD",
                  "ABCD",
                  "AB",
                  "ABCD",
                  "跨越式",
                  "ABCD",
                  "政策制度",
                  "ABCD",
                  "ABCD",
                  "ABCD"
            ]
      },
      {
            "topic": "“学习贯彻2020年7月30日中共中央政治局会议精神”专项答题",
            "options": [
                  "ABC",
                  "十四五",
                  "战略机遇",
                  "ABCD",
                  "ABCD",
                  "ABCD",
                  "ABCD",
                  "消费升级",
                  "新型城镇化",
                  "十年禁渔"
            ]
      },
      {
            "topic": "“应急管理普法知识”专项答题",
            "options": [
                  "A",
                  "B",
                  "A",
                  "B",
                  "ABC",
                  "ABCD",
                  "ABCD",
                  "B",
                  "A",
                  "A"
            ]
      },
      {
            "topic": "“庆祝八一建军节”专项答题",
            "options": [
                  "ABCD",
                  "ABC",
                  "ABCD",
                  "ABC",
                  "ABC",
                  "南昌起义",
                  "东风",
                  "A",
                  "鲲鹏",
                  "ABC"
            ]
      },
      {
            "topic": "“学习贯彻《中国共产党基层组织选举工作条例》”专项答题",
            "options": [
                  "AB",
                  "ABC",
                  "A",
                  "预备人选",
                  "资格审查",
                  "ABC",
                  "AB",
                  "党员大会 下级",
                  "ABCD",
                  "ABC"
            ]
      },
      {
            "topic": "“学习贯彻习近平总书记2020年7月22日至24日在吉林考察时的讲话精神”专项答题",
            "options": [
                  "ABCD",
                  "ABC",
                  "科技",
                  "大熊猫",
                  "ABCD",
                  "ABCD",
                  "ABCD",
                  "ABCD",
                  "ABC",
                  "政治生态"
            ]
      },
      {
            "topic": "“土壤污染防治法相关知识”专项答题",
            "options": [
                  "ABCD",
                  "ABCD",
                  "安全利用",
                  "ABCD",
                  "ABC",
                  "侵权",
                  "A",
                  "B",
                  "AB",
                  "ABC"
            ]
      },
      {
            "topic": "“中国国际进口博览会相关知识”专项答题",
            "options": [
                  "ABC",
                  "自由贸易",
                  "共享未来",
                  "保护 单边",
                  "ABC",
                  "ABC",
                  "ABCD",
                  "ABCD",
                  "ABCD",
                  "ABC"
            ]
      },
      {
            "topic": "“学习贯彻习近平在企业家座谈会上的讲话精神”专项答题",
            "options": [
                  "ABC",
                  "ABC",
                  "ABCD",
                  "ABC",
                  "恒心 恒业",
                  "ABCD",
                  "ABC",
                  "ABCD",
                  "ABCD",
                  "ABCD"
            ]
      },
      {
            "topic": "“学习贯彻2020年7月17日中共中央政治局常务委员会会议精神”专项答题",
            "options": [
                  "ABCD",
                  "第一位",
                  "ABCD",
                  "ABCD",
                  "ABCD",
                  "ABCD",
                  "ABCD",
                  "ABCD",
                  "ABCD",
                  "ABCD"
            ]
      },
      {
            "topic": "“《中华人民共和国香港特别行政区维护国家安全法》相关法律知识”专项答题（二）",
            "options": [
                  "ABC",
                  "ABC",
                  "中央人民政府",
                  "顾问",
                  "国家安全",
                  "专门款项",
                  "ABCD",
                  "ABCD",
                  "公署",
                  "常务委员会"
            ]
      },
      {
            "topic": "“《中华人民共和国香港特别行政区维护国家安全法》相关法律知识”专项答题",
            "options": [
                  "ABCD",
                  "国家安全法",
                  "ABC",
                  "ABC",
                  "ABC",
                  "法治原则",
                  "共同义务",
                  "AB",
                  "AB",
                  "ABC"
            ]
      },
      {
            "topic": "“学习《习近平谈治国理政》第三卷”专项答题（二）",
            "options": [
                  "ABC",
                  "ABCD",
                  "ABC",
                  "共同体",
                  "网信",
                  "ABCD",
                  "眼睛 生命",
                  "ABCD",
                  "ABCD",
                  "地方"
            ]
      },
      {
            "topic": "“学习《习近平谈治国理政》第三卷”专项答题",
            "options": [
                  "党章 宪法",
                  "ABCD",
                  "ABC",
                  "ABC",
                  "ABCD",
                  "ABC",
                  "ABCD",
                  "ABCD",
                  "ABCD",
                  "ABCD"
            ]
      },
      {
            "topic": "“学习贯彻中央全面深化改革委员会第十四次会议精神”专项答题",
            "options": [
                  "ABCD",
                  "国有企业",
                  "ABCD",
                  "ABCD",
                  "ABCD",
                  "ABCD",
                  "ABCD",
                  "ABCD",
                  "大卫生大健康",
                  "ABCD"
            ]
      },
      {
            "topic": "“十九届中共中央政治局第二十一次集体学习”专项答题",
            "options": [
                  "ABCD",
                  "ABC",
                  "ABCD",
                  "科学理论",
                  "组织体系",
                  "ABCD",
                  "ABCD",
                  "ABC",
                  "ABCD",
                  "ABCD"
            ]
      },
      {
            "topic": "“庆祝中国共产党成立99周年”专项答题",
            "options": [
                  "ABC",
                  "ABC",
                  "AB",
                  "毛泽东",
                  "正式成立",
                  "AB",
                  "ABCD",
                  "1941",
                  "为人民服务",
                  "镰刀 锤头"
            ]
      },
      {
            "topic": "“中共中央 国务院关于新时代加快完善社会主义市场经济体制的意见”专项答题",
            "options": [
                  "ABCD",
                  "ABCD",
                  "ABC",
                  "ABC",
                  "ABC",
                  "ABCD",
                  "ABCD",
                  "ABC",
                  "ABCD",
                  "治理效能"
            ]
      },
      {
            "topic": "“野生动物保护相关决定及法律法规”专项答题",
            "options": [
                  "ABC",
                  "ABCD",
                  "ABC",
                  "陆生",
                  "检疫检验",
                  "ABCD",
                  "ABCD",
                  "AB",
                  "ABC",
                  "ABCD"
            ]
      },
      {
            "topic": "“民法典相关法律知识”专项答题（三）",
            "options": [
                  "自愿",
                  "公平",
                  "诚信",
                  "公序良俗",
                  "ABC",
                  "ABCD",
                  "合法权益",
                  "ABC",
                  "ABC",
                  "肖像权人"
            ]
      },
      {
            "topic": "“民法典相关法律知识”专项答题（二）",
            "options": [
                  "AB",
                  "AB",
                  "AB",
                  "平等法律",
                  "统一登记",
                  "AB",
                  "ABC",
                  "高利",
                  "A",
                  "ABC"
            ]
      },
      {
            "topic": "“民法典相关法律知识”专项答题（一）",
            "options": [
                  "政治 立法",
                  "百科全书",
                  "一 里程碑",
                  "人民权益",
                  "ABC",
                  "ABCD",
                  "ABCD",
                  "一律平等",
                  "民事权利能力",
                  "A"
            ]
      },
      {
            "topic": "“国际档案日”专项答题",
            "options": [
                  "ABCD",
                  "ABCD",
                  "已经开放",
                  "ABCD",
                  "保护",
                  "A",
                  "A",
                  "ABCD",
                  "A",
                  "A"
            ]
      },
      {
            "topic": "“世界海洋日”专项答题",
            "options": [
                  "A",
                  "AB",
                  "ABCD",
                  "ABCD",
                  "ABCD",
                  "C",
                  "C",
                  "ABCD",
                  "ABCD",
                  "A"
            ]
      },
      {
            "topic": "“学习贯彻2020年6月2日习近平主持专家学者座谈会时的讲话精神”专项答题",
            "options": [
                  "人民安全",
                  "ABCD",
                  "ABC",
                  "疾病预防控制",
                  "ABCD",
                  "ABCD",
                  "爱国卫生运动",
                  "AB",
                  "AB",
                  "AB"
            ]
      },
      {
            "topic": "“十九届中共中央政治局第二十次集体学习”专项答题",
            "options": [
                  "ABC",
                  "法典",
                  "ABC",
                  "ABCD",
                  "ABC",
                  "法律解释",
                  "公信力",
                  "ABCD",
                  "AB",
                  "ABC"
            ]
      },
      {
            "topic": "“学习贯彻习近平总书记在2020年全国两会上的重要讲话精神和全国两会精神”专项答题（二）",
            "options": [
                  "ABCD",
                  "六保",
                  "ABCD",
                  "六稳 六保",
                  "ABCD",
                  "ABCD",
                  "ABCD",
                  "ABC",
                  "ABCD",
                  "ABCD"
            ]
      },
      {
            "topic": "“学习贯彻习近平总书记在2020年全国两会上的重要讲话精神和全国两会精神”专项答题（一）",
            "options": [
                  "AB",
                  "ABCD",
                  "ABCD",
                  "ABCD",
                  "ABCD",
                  "ABCD",
                  "ABC",
                  "ABCD",
                  "ABCD",
                  "ABCD"
            ]
      },
      {
            "topic": "“‘六一’国际儿童节”专项答题",
            "options": [
                  "ABCD",
                  "ABC",
                  "红色基因",
                  "ABCD",
                  "ABCD",
                  "ABCD",
                  "国际儿童",
                  "ABCD",
                  "ABCD",
                  "接班人"
            ]
      },
      {
            "topic": "“世界无烟日”专项答题",
            "options": [
                  "无烟",
                  "C",
                  "依赖",
                  "A",
                  "A",
                  "A",
                  "A",
                  "ABC",
                  "ABCD",
                  "D"
            ]
      },
      {
            "topic": "“中共中央 国务院关于新时代推进西部大开发形成新格局的指导意见”专项答题",
            "options": [
                  "ABC",
                  "ABC",
                  "创新能力 区域",
                  "ABC",
                  "ABCD",
                  "AB",
                  "ABC",
                  "放管服",
                  "ABCD",
                  "ABCD"
            ]
      },
      {
            "topic": "“习近平主席在第73届世界卫生大会视频会议开幕式上的致辞”专项答题",
            "options": [
                  "ABCD",
                  "ABCD",
                  "ABCD",
                  "非洲国家",
                  "ABC",
                  "团结合作",
                  "ABC",
                  "ABCD",
                  "ABC",
                  "ABC"
            ]
      },
      {
            "topic": "“学习贯彻2020年5月15日中共中央政治局会议精神”专项答题",
            "options": [
                  "ABCD",
                  "ABCD",
                  "ABC",
                  "保就业",
                  "改革",
                  "扩大内需",
                  "农业 农民",
                  "基本盘",
                  "民生",
                  "ABC"
            ]
      },
      {
            "topic": "“学习贯彻2020年5月14日中共中央政治局常务委员会会议精神”专项答题",
            "options": [
                  "ABC",
                  "好 反弹",
                  "ABCD",
                  "ABCD",
                  "ABCD",
                  "夏季",
                  "双循环",
                  "ABCD",
                  "ABC",
                  "ABCD"
            ]
      },
      {
            "topic": "“学习贯彻习近平总书记2020年5月11日至12日在山西考察时的讲话精神”专项答题",
            "options": [
                  "ABCD",
                  "脱贫 返贫",
                  "办事 造福",
                  "ABCD",
                  "ABC",
                  "ABCD",
                  "ABCD",
                  "产品 技术",
                  "新燃点",
                  "ABCD"
            ]
      },
      {
            "topic": "“全国防灾减灾日”专项答题",
            "options": [
                  "防灾减灾",
                  "安全发展",
                  "ABCD",
                  "ABC",
                  "应急演练",
                  "B",
                  "安全通道",
                  "C",
                  "ABCD",
                  "ABCD"
            ]
      },
      {
            "topic": "“学习贯彻习近平总书记在中共中央党外人士座谈会上的讲话精神”专项答题",
            "options": [
                  "ABC",
                  "ABCD",
                  "ABC",
                  "AB",
                  "ABC",
                  "ABCD",
                  "ABCD",
                  "ABCD",
                  "ABCD",
                  "ABC"
            ]
      },
      {
            "topic": "“学习贯彻2020年5月6日中共中央政治局常务委员会会议精神”专项答题",
            "options": [
                  "AB",
                  "ABC",
                  "ABC",
                  "ABC",
                  "联络组",
                  "AB",
                  "生产生活",
                  "ABCD",
                  "爱国卫生",
                  "AB"
            ]
      },
      {
            "topic": "“保障农民工工资支付条例”专项答题",
            "options": [
                  "人工费用",
                  "按时足额",
                  "货币",
                  "实名制",
                  "工程款",
                  "专用账户",
                  "用工单位",
                  "ABC",
                  "ABC",
                  "AB"
            ]
      },
      {
            "topic": "“学习贯彻4月29日中共中央政治局常务委员会会议精神”专项答题",
            "options": [
                  "ABC",
                  "AB",
                  "AB",
                  "ABC",
                  "ABCD",
                  "ABC",
                  "ABC",
                  "ABC",
                  "ABCD",
                  "ABC"
            ]
      },
      {
            "topic": "“中国新闻工作者职业道德准则”专项答题",
            "options": [
                  "ABCD",
                  "ABCD",
                  "ABCD",
                  "ABCD",
                  "ABCD",
                  "真实",
                  "ABC",
                  "ABCD",
                  "ABC",
                  "ABCD"
            ]
      },
      {
            "topic": "“学习贯彻中央全面深化改革委员会第十三次会议精神”专项答题",
            "options": [
                  "ABCD",
                  "ABCD",
                  "ABC",
                  "ABC",
                  "ABCD",
                  "创业板",
                  "ABCD",
                  "ABCD",
                  "ABC",
                  "ABC"
            ]
      },
      {
            "topic": "“学习贯彻习近平总书记在陕西省考察时的讲话精神”专项答题",
            "options": [
                  "中央水塔 祖脉",
                  "ABC",
                  "代际",
                  "主力军",
                  "AB",
                  "ABCD",
                  "ABCD",
                  "ABCD",
                  "ABCD",
                  "ABC"
            ]
      },
      {
            "topic": "“学习贯彻4月17日中共中央政治局会议精神”专项答题",
            "options": [
                  "ABCD",
                  "ABCD",
                  "ABC",
                  "ABCD",
                  "ABC",
                  "ABCD",
                  "ABC",
                  "ABCD",
                  "稳定性 竞争力",
                  "ABC"
            ]
      },
      {
            "topic": "“浦东开发开放30周年”专项答题",
            "options": [
                  "浦东",
                  "ABCD",
                  "AB",
                  "ABC",
                  "ABC",
                  "临港",
                  "东海",
                  "ABC",
                  "ABC",
                  "C"
            ]
      },
      {
            "topic": "“全民国家安全教育日”专项答题",
            "options": [
                  "国家安全",
                  "ABCD",
                  "ABC",
                  "ABCD",
                  "ABCD",
                  "AB",
                  "ABCD",
                  "ABCD",
                  "ABC",
                  "商用密码"
            ]
      },
      {
            "topic": "“学习贯彻4月8日中央政治局常委会会议精神”专项答题",
            "options": [
                  "AB",
                  "底线思维",
                  "生产生活秩序",
                  "无症状",
                  "AB",
                  "ABCD",
                  "ABC",
                  "AB",
                  "AB",
                  "ABCD"
            ]
      },
      {
            "topic": "“防疫有我 爱卫同行”专项答题",
            "options": [
                  "B",
                  "ABC",
                  "爱国卫生",
                  "预防为主 医防结合",
                  "AB",
                  "城乡环境卫生",
                  "社会健康治理",
                  "ABC",
                  "ABC",
                  "ABC"
            ]
      },
      {
            "topic": "“学习贯彻习近平总书记在浙江省考察时的讲话精神”专项答题",
            "options": [
                  "ABC",
                  "硬核",
                  "ABCD",
                  "生态效益",
                  "ABCD",
                  "ABC",
                  "ABC",
                  "ABCD",
                  "上山下乡",
                  "ABC"
            ]
      },
      {
            "topic": "“中医药传承发展及疫病防治作用”专项答题",
            "options": [
                  "ABC",
                  "ABC",
                  "治未病",
                  "县办",
                  "AB",
                  "安全 疗效",
                  "ABC",
                  "康复",
                  "ABC",
                  "ABC"
            ]
      },
      {
            "topic": "“学习贯彻3月27日中共中央政治局会议精神”专项答题",
            "options": [
                  "AB",
                  "ABCD",
                  "ABC",
                  "ABCD",
                  "ABCD",
                  "ABCD",
                  "赤字率 国债",
                  "ABCD",
                  "ABCD",
                  "ABC"
            ]
      },
      {
            "topic": "“学习贯彻国家主席习近平在二十国集团领导人应对新冠肺炎特别峰会上的讲话精神”专项答题",
            "options": [
                  "AB",
                  "友谊",
                  "传染性疾病",
                  "ABCD",
                  "ABC",
                  "AB",
                  "ABC",
                  "对冲力度",
                  "产业 供应",
                  "ABC"
            ]
      },
      {
            "topic": "“党委（党组）落实全面从严治党主体责任规定”专项答题（二）",
            "options": [
                  "思想 基础性",
                  "ABCD",
                  "议事协调",
                  "C",
                  "责任清单",
                  "ABCD",
                  "ABC",
                  "ABC",
                  "AB",
                  "ABCD"
            ]
      },
      {
            "topic": "“党委（党组）落实全面从严治党主体责任规定”专项答题（一）",
            "options": [
                  "ABCD",
                  "ABCD",
                  "AB",
                  "AB",
                  "ABCD",
                  "ABCD",
                  "AB",
                  "ABC",
                  "第一",
                  "一岗双责"
            ]
      },
      {
            "topic": "“世界水日·中国水周”专项答题",
            "options": [
                  "C",
                  "ABCD",
                  "ABCD",
                  "ABC",
                  "12314",
                  "求实",
                  "ABCD",
                  "ABCD",
                  "可持续",
                  "节水型社会"
            ]
      },
      {
            "topic": "“中共中央政治局常务委员会会议研究部署统筹抓好疫情防控和经济社会发展重点工作”专项答题",
            "options": [
                  "ABC",
                  "ABCD",
                  "发生逆转",
                  "无疫社区",
                  "人文关怀",
                  "北京 复制&nbspnbsp;重点",
                  "ABCD",
                  "AB",
                  "ABC",
                  "ABC"
            ]
      },
      {
            "topic": "“疫情防控期间办公建筑卫生安全、心理健康知识”专项答题",
            "options": [
                  "新风",
                  "加长",
                  "餐厅 厨房",
                  "水封",
                  "ABCD",
                  "BCD",
                  "自我调适",
                  "ABCD",
                  "ABCD",
                  "ABCD"
            ]
      },
      {
            "topic": "“全民义务植树”专项答题",
            "options": [
                  "ABC",
                  "国土绿化",
                  "ABC",
                  "生态文明",
                  "ABC",
                  "ABC",
                  "法定植树",
                  "护绿",
                  "尽责率",
                  "AB"
            ]
      },
      {
            "topic": "“学习贯彻习近平总书记在湖北省考察新冠肺炎疫情防控工作时的讲话精神”专项答题",
            "options": [
                  "ABC",
                  "ABCD",
                  "ABCD",
                  "最可爱",
                  "ABC",
                  "AB",
                  "防",
                  "包保",
                  "ABC",
                  "AB"
            ]
      },
      {
            "topic": "“学习贯彻习近平总书记在决战决胜脱贫攻坚座谈会上的重要讲话精神”专项答题（二）",
            "options": [
                  "ABCD",
                  "ABCD",
                  "ABCD",
                  "ABC",
                  "ABC",
                  "ABC",
                  "ABC",
                  "ABCD",
                  "加强 改善",
                  "全部脱贫 郑重承诺"
            ]
      },
      {
            "topic": "“学习贯彻习近平总书记在决战决胜脱贫攻坚座谈会上的重要讲话精神”专项答题（一）",
            "options": [
                  "ABCD",
                  "551 1000",
                  "ABCD",
                  "ABC",
                  "ABC",
                  "ABCD",
                  "AB",
                  "ABCD",
                  "ABC",
                  "AB"
            ]
      },
      {
            "topic": "“中央政治局常委会会议研究当前新冠肺炎疫情防控和稳定经济社会运行重点工作”专项答题",
            "options": [
                  "AB",
                  "ABC",
                  "AB",
                  "ABC",
                  "",
                  "",
                  "ABC",
                  "ABCD",
                  "ABC",
                  "ABCD"
            ]
      },
      {
            "topic": "“弘扬学雷锋志愿服务精神”专项答题",
            "options": [
                  "雷锋",
                  "雷锋精神",
                  "螺丝钉",
                  "ABCD",
                  "ABCD",
                  "钉子",
                  "服务日",
                  "学习强国",
                  "志愿者",
                  "ABCD"
            ]
      },
      {
            "topic": "“学习贯彻习近平总书记在北京考察新冠肺炎防控科研攻关工作时的讲话精神”专项答题",
            "options": [
                  "科学技术",
                  "科学性 安全性",
                  "AB",
                  "ABCD",
                  "ABC",
                  "心理健康",
                  "ABC",
                  "医疗装备",
                  "ABCD",
                  "ABCD"
            ]
      },
      {
            "topic": "“抗击新冠肺炎疫情一线人物”专项答题（二）",
            "options": [
                  "李兰娟",
                  "请战书",
                  "百安 36",
                  "杜富佳",
                  "救治流程",
                  "徐辉",
                  "感染零死亡",
                  "防火墙",
                  "郭琴",
                  "战位"
            ]
      },
      {
            "topic": "“抗击新冠肺炎疫情一线人物”专项答题（一）",
            "options": [
                  "张定宇",
                  "彭银华",
                  "第一人",
                  "钟南山",
                  "500",
                  "金银潭",
                  "英雄模范",
                  "遗书",
                  "尹祖川",
                  "重症收治"
            ]
      },
      {
            "topic": "“习近平在统筹推进新冠肺炎疫情防控和经济社会发展工作部署会议上的讲话”专项答题二",
            "options": [
                  "负责领域 全局性",
                  "ABCD",
                  "ABC",
                  "逆周期 对冲",
                  "ABC",
                  "ABCD",
                  "ABC",
                  "ABC",
                  "ABC",
                  "ABCD"
            ]
      },
      {
            "topic": "“习近平在统筹推进新冠肺炎疫情防控和经济社会发展工作部署会议上的讲话”专项答题一",
            "options": [
                  "ABC",
                  "ABC",
                  "分区分级",
                  "AB",
                  "ABC",
                  "春季农业",
                  "防线",
                  "AB",
                  "AB",
                  "ABCD"
            ]
      },
      {
            "topic": "“企业复工复产政策措施”专项答题（二）",
            "options": [
                  "800",
                  "82.7",
                  "械字号 消字号",
                  "杭州",
                  "ABCD",
                  "学习强国",
                  "云评标",
                  "医卫原料",
                  "ABC",
                  "线上与线下"
            ]
      },
      {
            "topic": "“企业复工复产政策措施”专项答题（一）",
            "options": [
                  "ABCD",
                  "AB",
                  "送人到岗",
                  "惠企暖企 网上",
                  "特产代言",
                  "ABC",
                  "转产",
                  "ABC",
                  "钻井平台",
                  "医用防护"
            ]
      },
      {
            "topic": "“传染病防治法及相关规定”专项答题",
            "options": [
                  "ABCD",
                  "C",
                  "A",
                  "ABC",
                  "强制隔离",
                  "立即",
                  "卫生健康",
                  "AB",
                  "前方停靠点",
                  "ABC"
            ]
      },
      {
            "topic": "“学习贯彻中央全面深化改革委员会第十二次会议精神”专项答题（二）",
            "options": [
                  "生物安全",
                  "ABC",
                  "ABCD",
                  "基层",
                  "ABC",
                  "ABC",
                  "ABC",
                  "国家储备",
                  "ABCD",
                  "ABC"
            ]
      },
      {
            "topic": "“学习贯彻中央全面深化改革委员会第十二次会议精神”专项答题（一）",
            "options": [
                  "法治",
                  "生物",
                  "预防",
                  "AB",
                  "ABCD",
                  "ABCD",
                  "ABC",
                  "ABC",
                  "豁免",
                  "ABCD"
            ]
      },
      {
            "topic": "“中央政治局常委会会议研究加强疫情防控工作”专项答题",
            "options": [
                  "ABCD",
                  "AB",
                  "ABC",
                  "AB",
                  "ABCD",
                  "米袋子 菜篮子",
                  "春管春种",
                  "AB",
                  "ABCD",
                  "ABCD"
            ]
      },
      {
            "topic": "“学习贯彻习近平总书记在北京市调研指导新冠肺炎疫情防控工作时的讲话精神”专项答题",
            "options": [
                  "社区",
                  "AB",
                  "大数据",
                  "ABC",
                  "应收尽收",
                  "医者仁心",
                  "ABC",
                  "ABC",
                  "复工复产",
                  "AB"
            ]
      },
      {
            "topic": "“疫情防控”专项答题（三）",
            "options": [
                  "阶段性",
                  "ABC",
                  "通行",
                  "合理延后",
                  "ABC",
                  "不停学",
                  "ABC",
                  "ABC",
                  "ABCD",
                  "AB"
            ]
      },
      {
            "topic": "“学习贯彻中央全面依法治国委员会第三次会议精神”专项答题",
            "options": [
                  "依法防控",
                  "ABCD",
                  "风险评估",
                  "ABCD",
                  "ABCD",
                  "AB",
                  "ABCD",
                  "ABCD",
                  "ABCD",
                  "法治建设"
            ]
      },
      {
            "topic": "“中央政治局常委会召开会议研究加强新型冠状病毒感染的肺炎疫情防控工作”专项答题",
            "options": [
                  "全方位",
                  "ABC",
                  "ABC",
                  "AB",
                  "ABC",
                  "AB",
                  "ABCD",
                  "ABC",
                  "ABC",
                  "ABC"
            ]
      },
      {
            "topic": "“疫情防控”专项答题（二）",
            "options": [
                  "正式收治",
                  "ABC",
                  "ABC",
                  "分类使用",
                  "属地 防控力量",
                  "有害",
                  "ABCD",
                  "ABCD",
                  "ABCD",
                  "心理健康"
            ]
      },
      {
            "topic": "“疫情防控”专项答题",
            "options": [
                  "钟南山",
                  "火神山 雷神山",
                  "450",
                  "硬性隔离",
                  "AB",
                  "50",
                  "就近",
                  "10800",
                  "ABC",
                  "居家健身"
            ]
      },
      {
            "topic": "“中央政治局常委会会议研究疫情防控工作”专项答题",
            "options": [
                  "疫情防控",
                  "疫情工作",
                  "ABC",
                  "ABCD",
                  "集中统一",
                  "ABC",
                  "ABCD",
                  "联防联控",
                  "ABCD",
                  "ABCD"
            ]
      },
      {
            "topic": "“新型冠状病毒感染的肺炎科普知识”专项答题",
            "options": [
                  "生命安全",
                  "甲类",
                  "C",
                  "ABC",
                  "14",
                  "B",
                  "ABCD",
                  "C",
                  "C",
                  "ABCD"
            ]
      },
      {
            "topic": "“春运·铁路运输”专项答题",
            "options": [
                  "根本宗旨",
                  "ABC",
                  "实名",
                  "自行选择",
                  "全封闭",
                  "ABC",
                  "ABC",
                  "ABCD",
                  "ABCD",
                  "A"
            ]
      },
      {
            "topic": "“学习十九届四中全会精神”专项答题（六）",
            "options": [
                  "ABCD",
                  "ABC",
                  "ABC",
                  "ABCD",
                  "ABCD",
                  "ABCD",
                  "ABC",
                  "ABC",
                  "ABC",
                  "ABC"
            ]
      },
      {
            "topic": "“学习十九届中央纪委四次全会精神”专项答题",
            "options": [
                  "从严治党",
                  "自我革命",
                  "周期率",
                  "政治监督",
                  "优良作风",
                  "精准施治",
                  "ABC",
                  "党风廉政",
                  "执行力",
                  "有效问责"
            ]
      },
      {
            "topic": "学习贯彻习近平在“不忘初心、牢记使命”主题教育总结大会上的重要讲话精神专项答题",
            "options": [
                  "ABC",
                  "永恒课题",
                  "ABC",
                  "ABCD",
                  "ABCD",
                  "金钥匙",
                  "人民幸福",
                  "ABC",
                  "ABCD",
                  "ABC"
            ]
      },
      {
            "topic": "“习近平主席二〇二〇年新年贺词”专项答题",
            "options": [
                  "1万美元",
                  "中国风采",
                  "基层减负年",
                  "国产航母",
                  "硬核力量",
                  "中国革命",
                  "ABC",
                  "ABC",
                  "ABC",
                  "不负韶华"
            ]
      }
]