[
      {
            "topic": "2020年12月第四周答题",
            "options": [
                  "B",
                  "B",
                  "AB",
                  "ABC",
                  "ABCD"
            ]
      },
      {
            "topic": "2020年12月第三周答题",
            "options": [
                  "ABCD",
                  "ABCD",
                  "ABCD",
                  "ABCD",
                  "ABC"
            ]
      },
      {
            "topic": "2020年12月第二周答题",
            "options": [
                  "生命线",
                  "ABCD",
                  "ABC",
                  "ABC",
                  "ABC"
            ]
      },
      {
            "topic": "2020年12月第一周答题",
            "options": [
                  "军事训练",
                  "ABCD",
                  "ABCD",
                  "ABC",
                  "ABCD"
            ]
      },
      {
            "topic": "2020年11月第四周答题",
            "options": [
                  "ABC",
                  "青少年",
                  "AB",
                  "ABCD",
                  "ABCD"
            ]
      },
      {
            "topic": "2020年11月第三周答题",
            "options": [
                  "ABC",
                  "ABC",
                  "数据安全",
                  "ABCD",
                  "人文"
            ]
      },
      {
            "topic": "2020年11月第二周答题",
            "options": [
                  "AB",
                  "ABCD",
                  "ABC",
                  "ABCD",
                  "ABC"
            ]
      },
      {
            "topic": "2020年11月第一周答题",
            "options": [
                  "天工开物",
                  "新余",
                  "夏布",
                  "B",
                  "AC"
            ]
      },
      {
            "topic": "2020年10月第五周答题",
            "options": [
                  "乡村振兴",
                  "A",
                  "莱西会议",
                  "ABC",
                  "周明金"
            ]
      },
      {
            "topic": "2020年10月第四周答题",
            "options": [
                  "ABCD",
                  "AB",
                  "AB",
                  "AB",
                  "亲仁善邻"
            ]
      },
      {
            "topic": "2020年10月第三周答题",
            "options": [
                  "ABCD",
                  "B",
                  "AB",
                  "ABC",
                  "ABC"
            ]
      },
      {
            "topic": "2020年10月第二周答题",
            "options": [
                  "ABCD",
                  "ABCD",
                  "ABD",
                  "ABCD",
                  "ABC"
            ]
      },
      {
            "topic": "2020年10月第一周答题",
            "options": [
                  "AB",
                  "北京",
                  "B",
                  "A",
                  "ABCD"
            ]
      },
      {
            "topic": "2020年9月第五周答题",
            "options": [
                  "AB",
                  "C",
                  "A",
                  "A",
                  "BCD"
            ]
      },
      {
            "topic": "2020年9月第四周答题",
            "options": [
                  "ABCD",
                  "B",
                  "爱情",
                  "ABCD",
                  "庐山恋"
            ]
      },
      {
            "topic": "2020年9月第三周答题",
            "options": [
                  "水沙",
                  "A",
                  "基础",
                  "支付结算",
                  "A"
            ]
      },
      {
            "topic": "2020年9月第二周答题",
            "options": [
                  "ABCD",
                  "ABCD",
                  "ABCD",
                  "ABCD",
                  "ABC"
            ]
      },
      {
            "topic": "2020年9月第一周答题",
            "options": [
                  "ABC",
                  "ABC",
                  "ABCD",
                  "ABCD",
                  "ABCD"
            ]
      },
      {
            "topic": "2020年8月第四周答题",
            "options": [
                  "突击队",
                  "AB",
                  "ABCD",
                  "ABCD",
                  "尊医重卫"
            ]
      },
      {
            "topic": "2020年8月第三周答题",
            "options": [
                  "ABC",
                  "ABC",
                  "无记名",
                  "A",
                  "A"
            ]
      },
      {
            "topic": "2020年8月第二周答题",
            "options": [
                  "北斗三号",
                  "AB",
                  "ABCD",
                  "C",
                  "B"
            ]
      },
      {
            "topic": "2020年8月第一周答题",
            "options": [
                  "ABCD",
                  "ABCD",
                  "ABC",
                  "AB",
                  "ABCD"
            ]
      },
      {
            "topic": "2020年7月第四周答题",
            "options": [
                  "ABCD",
                  "ABC",
                  "ABC",
                  "ABCD",
                  "红领巾"
            ]
      },
      {
            "topic": "2020年7月第三周答题",
            "options": [
                  "ABCD",
                  "ABC",
                  "重大生态",
                  "ABC",
                  "ABC"
            ]
      },
      {
            "topic": "2020年7月第二周答题",
            "options": [
                  "党委主体",
                  "B",
                  "B",
                  "ABCD",
                  "自主建造"
            ]
      },
      {
            "topic": "2020年7月第一周答题",
            "options": [
                  "ABCD",
                  "ABCD",
                  "ABCD",
                  "ABCD",
                  "ABC"
            ]
      },
      {
            "topic": "2020年6月第五周答题",
            "options": [
                  "生产要素",
                  "制度",
                  "ABC",
                  "ABCD",
                  "B"
            ]
      },
      {
            "topic": "2020年6月第四周答题",
            "options": [
                  "ABCD",
                  "ABCD",
                  "ABCD",
                  "ABC",
                  "ABCD"
            ]
      },
      {
            "topic": "2020年6月第三周答题",
            "options": [
                  "ABCD",
                  "ABC",
                  "ABC",
                  "ABC",
                  "ABC"
            ]
      },
      {
            "topic": "2020年6月第二周答题",
            "options": [
                  "ABC",
                  "ABC",
                  "ABCD",
                  "AB",
                  "ABC"
            ]
      },
      {
            "topic": "2020年6月第一周答题",
            "options": [
                  "ABCD",
                  "ABCD",
                  "ABCD",
                  "ABC",
                  "ABCD"
            ]
      },
      {
            "topic": "2020年5月第四周答题",
            "options": [
                  "ABCD",
                  "ABCD",
                  "ABCD",
                  "ABCD",
                  "ABC"
            ]
      },
      {
            "topic": "2020年5月第三周答题",
            "options": [
                  "ABC",
                  "ABCD",
                  "ABC",
                  "ABCD",
                  "ABCD"
            ]
      },
      {
            "topic": "2020年5月第二周答题",
            "options": [
                  "平凡 人民",
                  "劳动群众",
                  "劳动精神",
                  "ABC",
                  "底线思维 较长时间"
            ]
      },
      {
            "topic": "2020年5月第一周答题",
            "options": [
                  "ABCD",
                  "ABC",
                  "山水",
                  "国际劳动节",
                  "爱国主义"
            ]
      },
      {
            "topic": "2020年4月第四周答题",
            "options": [
                  "ABCD",
                  "AB",
                  "ABCD",
                  "ABC",
                  "ABCD"
            ]
      },
      {
            "topic": "2020年4月第三周答题",
            "options": [
                  "ABCD",
                  "三个继续下降",
                  "AB",
                  "ABC",
                  "ABC"
            ]
      },
      {
            "topic": "2020年4月第二周答题",
            "options": [
                  "防控常态化",
                  "AB",
                  "ABC",
                  "ABC",
                  "ABC"
            ]
      },
      {
            "topic": "2020年4月第一周答题",
            "options": [
                  "企业家",
                  "平战结合",
                  "ABCD",
                  "AB",
                  "ABC"
            ]
      },
      {
            "topic": "2020年3月第五周答题",
            "options": [
                  "卫生健康共同体",
                  "ABCD",
                  "铁杆情谊",
                  "AB",
                  "ABCD"
            ]
      },
      {
            "topic": "2020年3月第四周答题",
            "options": [
                  "AB",
                  "团结协作",
                  "AB",
                  "ABC",
                  "ABCD"
            ]
      },
      {
            "topic": "2020年3月第三周答题",
            "options": [
                  "ABCD",
                  "健康",
                  "医疗救治",
                  "AB",
                  "治理体系"
            ]
      },
      {
            "topic": "2020年3月第二周答题",
            "options": [
                  "ABCD",
                  "对外开放",
                  "监控网络",
                  "AB",
                  "ABCD"
            ]
      },
      {
            "topic": "2020年3月第一周答题",
            "options": [
                  "AB",
                  "管理 服务",
                  "AB",
                  "ABCD",
                  "ABCD"
            ]
      },
      {
            "topic": "2020年2月第四周答题",
            "options": [
                  "ABC",
                  "ABCD",
                  "团结一心",
                  "复工复产",
                  "ABC"
            ]
      },
      {
            "topic": "2020年2月第三周答题",
            "options": [
                  "ABCD",
                  "差异化",
                  "ABCD",
                  "人民防线",
                  "ABC"
            ]
      },
      {
            "topic": "2020年2月第二周答题",
            "options": [
                  "ABC",
                  "优惠利率",
                  "ABCD",
                  "检疫",
                  "ABCD"
            ]
      },
      {
            "topic": "2020年2月第一周答题",
            "options": [
                  "ABC",
                  "健康",
                  "公共安全",
                  "ABCD",
                  "B"
            ]
      },
      {
            "topic": "2020年1月第四周答题",
            "options": [
                  "ABCD",
                  "ABC",
                  "群防群治",
                  "ABC",
                  "公开透明"
            ]
      },
      {
            "topic": "2020年1月第三周答题",
            "options": [
                  "学习教育",
                  "ABCD",
                  "梅兰芳",
                  "C",
                  "ABC"
            ]
      },
      {
            "topic": "2020年1月第二周答题",
            "options": [
                  "ABC",
                  "ABCD",
                  "青霉素",
                  "效率",
                  "团结一致"
            ]
      },
      {
            "topic": "2020年1月第一周答题",
            "options": [
                  "小康社会",
                  "ABC",
                  "低温烫伤",
                  "公平正义",
                  "生分"
            ]
      }
]